chapter_no,heading_1,heading_2,sub_section_no,source_url,zoneomics_url,is_sub_chunk,sub_chunk_no,text
1,Chapter 11-1 GENERAL ZONING PROVISIONS,"§ 11-1-1 TITLE, JURISDICTION AND APPLICATION.",sub-sec-1.1,https://ecode360.com/43736091,https://zoneomics.com/code/25822/chapter_1#1.1,False,0,"This title shall be known as the Town of Basin Zoning Code.
The jurisdiction of this title is intended to apply to the use of land within the town boundaries including future lands hereafter annexed into the town.
This title will also be used as a guiding document concerning input on County Land Use Plans or proposed subdivision of lands within one mile of the town boundaries as provided in W.S.
18-5-308(b) as amended.
(Ord.
685, 11-12-2020)"
1,Chapter 11-1 GENERAL ZONING PROVISIONS,"§ 11-1-2 FINDING, SCOPE.",sub-sec-1.2,https://ecode360.com/43736092,https://zoneomics.com/code/25822/chapter_1#1.2,False,0,"A.
Findings:
The town council finds that the health, safety, and general welfare of the citizens of Basin will be best served by dividing the town into various zoning districts or zones and regulating the erection, construction, reconstruction, alteration, repair or use of buildings, structures on the land within these zones.
The zoning regulations of this title shall be designed to accomplish the statutorily authorized purposes of:
1. Securing safety from fire, panic, and other dangers;
2. Providing adequate light and air;
3. Preventing the overcrowding of land;
4. Avoiding undue concentration of population;
5. Facilitating adequate provisions for transportation, water, sewerage, electrical power, schools, parks and other public requirements;
6. Conserving the value of buildings and encouraging the most appropriate use of land throughout the city or town; and
7. Preserving, rehabilitating and maintaining historic properties and encouraging compatible uses.
B. Scope:
The town council, acting in light of the above findings, does hereby resolve that this title shall govern all erection, construction, reconstruction, alteration, repair or use of buildings, structures or land within the town dependent on the availability of a code enforcer.
(Ord.
685, 11-12-2020)"
1,Chapter 11-1 GENERAL ZONING PROVISIONS,§ 11-1-3 AUTHORITY.,sub-sec-1.3,https://ecode360.com/43736102,https://zoneomics.com/code/25822/chapter_1#1.3,False,0,"This title is adopted under the authority of
Sections 15-1-601 through
15-1-611 Wyoming Statutes, as amended.
(Ord.
685, 11-12-2020)"
1,Chapter 11-1 GENERAL ZONING PROVISIONS,§ 11-1-4 RELATED TO LAND USE PLAN.,sub-sec-1.4,https://ecode360.com/43736103,https://zoneomics.com/code/25822/chapter_1#1.4,False,0,"It is the policy of the Town of Basin Council that the enforcement, amendment and administration of this Zoning Code be accomplished with due consideration of the recommendations contained within the future land use map, as developed and amended from time to time by the Town of Basin.
(Ord.
685, 11-12-2020)"
1,Chapter 11-1 GENERAL ZONING PROVISIONS,§ 11-1-5 DEFINITIONS.,sub-sec-1.5,https://ecode360.com/43736104,https://zoneomics.com/code/25822/chapter_1#1.5,True,1,"As used in this title, the following words and terms shall have the meanings ascribed to them in this section:
Adjacent:
All properties direction contiguous to a parcel under consideration as well as to any properties separated from said parcel by a public way.
Adjoining:
All properties contiguous to or abutting another property; properties on opposite sides of a street or alley are not considered as adjoining.
Adult Use:
Retail and/or entertainment establishments primarily engaged in offering adult entertainment and/or the sale of sexually explicit materials, including adult book and video stores, strip clubs, establishments featuring nude dancers, and similar uses.
Amendment:
An amendment is a change in the zoning ordinance or map.
An amendment may be initiated by a landowner, the governing body or the planning commission.
Average Lot Size:
The sum of the land area of land within the lots in a subdivision divided by the number of lots in the subdivision, not counting any land or lots dedicated for streets, parks or other public uses.
Bed and Breakfast Inn:
An owner-occupied, single-family dwelling where short-term lodging is provided through the rental of no more than four individual rooms to the general public.
Boulevard:
The portion of the street right-of-way between the curb line and the property line.
Building Height:
The vertical distance of a building measured from the average elevation of the finished grade surrounding the buildings to the highest point of the building.
Air conditioners, chimneys, church spires and steeples, mechanical equipment and similar appurtenances are exempt from building height restrictions.
Building Permit:
A certificate issued by the town council or an authorized agent, authorizing both the use of land in the town pursuant to the requirements of this Code and construction activity consistent with the applicable building code.
Commercial:
Land uses involving the purchase, sale or other transaction involving the handling or disposition of any article, substance, commodity, or service for livelihood or profit, or the ownership or management of office buildings, offices, recreational or amusement enterprises, or maintenance and use of offices by professionals.
Conditional Use:
A land use or development that may be allowed only after an in-depth review procedure and with appropriate restrictions or conditions as provided by this Zoning Code upon a finding that standards and criteria stated in this Code will be satisfied.
A conditional use must be compatible with the existing neighborhood.
Construction:
Includes any addition expanding the lot coverage or height of any building as well as to the erection of new buildings and shall further apply to the development of parking lots or establishment of other land uses that lack buildings.
Council:
Unless otherwise indicated, the Town Council of the Town of Basin.
Deq:
The Wyoming Department of Environmental Quality or it's successors.
Destruction:
The ruination of a building or structure by accident, fire, flood, wind or similar event where the cost of repair or reconstruction equals or exceeds 50% of the market value of the structure before the damage occurred.
Development Plan:
A plan which serves as a basis of discussion between the Planning Commission and a developer.
It should be sufficient clarity and detail to fully determine compliance with the provisions of this title but should, also, be subject to change in response to recommendations of the Planning Commission.
Easement:
A grant or conveyance by an owner of real property of a right to use the owner's real property for a specific purpose.
Essential Services:
The erection, construction, alteration or maintenance by local governmental units or franchisees of underground, surface, or overhead utilities, including gas, electric, fuel or water transmission and distribution system collection, communication supply or disposal system, and including towers, poles, wires, mains, drains, sewers, pipes, conduits, cables, fire alarm and police call boxes, traffic signals, hydrants and similar equipment in connection therewith, but not including buildings, which are necessary for the furnishing of adequate service by such utilities or municipal departments for the general health, safety or welfare.
Facility:
Any material, structure or object of any kind or character, whether enumerated herein or not, which is or may be lawfully constructed, left, placed or maintained in, upon, along, across, under or over any public place.
Farm Animal:
Any animal other than a dog or cat normally kept outside of a dwelling unit.
Farm animals include, but are not limited to, chickens, cows, geese, goats, horses, lamas, and pigs.
Keeping farm animals is an agricultural use.
Frontage:
The length of a property abutting on one side of a street measured along the street line.
Half Street:
A public right-of-way having only half of the width required by the subdivision design requirements.
Home Occupation:
Any use conducted entirely within a dwelling and carried on by the inhabitants thereof, which use is clearly incidental and secondary to the use of the dwelling purposed and does not change the character thereof.
There shall be no window display or other public display of any material or merchandise in connection with any home occupation.
No sign shall be displayed on the premises advertising the occupation carried on in the home except one sign which shall not be more than two square feet in area, and which shall be attached to the house.
Hotel/Motel:"
1,Chapter 11-1 GENERAL ZONING PROVISIONS,§ 11-1-5 DEFINITIONS.,sub-sec-1.5,https://ecode360.com/43736104,https://zoneomics.com/code/25822/chapter_1#1.5,True,2,"Any building or portion thereof where lodging is offered to transient guests for compensation and in which there are more than four sleeping rooms.
Kitchenettes are okay.
Industrial:
Land uses involving the manufacture, fabrication, processing, reduction or destruction of any article, substance or commodity, or any other treatment thereof in such a manner to change the form, character, or appearance thereof, and including storage elevators, truck storage yards, warehouses, wholesale storage and other similar types of enterprises.
Institutional Uses:
Group homes, day care centers, hospitals, nursing homes, convalescent homes, retirement homes and similar uses.
Interim Uses:
A temporary use of property until a particular date, until a particular event, or until zoning regulations no longer permit it.
Interim use permits are not recorded and do not run with the land upon transfer.
All interim uses shall conform to standards listed in the interim use section of the Code.
Land Use Permit:
A permit issued by the town council or its authorized agent authorizing the use of land pursuant to the requirements of this Code.
Lot:
A numbered or otherwise described tract of land designated on a recorded deed of conveyance, plat and/or subdivision plat, and separated from other tracts, parcels or portions for the purpose of development or for the transfer of ownership, exclusive of public rights-of-way or private road easements that are recorded with the county clerk.
Manufactured Home:
A structure, transportable in one or more dependent sections, constructed in conformance with the National Manufactured Housing Construction and Safety Standards Act (42 U.S.C.
5401 et seq., as amended), which is built on a permanent chassis and designed to be used as a single-family residential dwelling unit.
See also definition of Mobile Home.
Manufactured Home Park:
An area occupied by three or more manufactured homes or mobile home spaces.
A manufactured home park is distinguished from a subdivision, in which lots are sold for the placement of manufactured homes, by it being in one ownership.
Mobile Home:
A structure, transportable in one or more sections, designed for use as a single-family residential dwelling unit, built on a permanent chasses, that was constructed prior to July 13, 1994 or is lacking certification of compliance with the National Manufactured Housing Construction and Safety Standards Act.
Such a structure shall be considered to be a mobile home, whether or not the wheels originally mounted have been removed, and whether or not the structure has been placed upon a permanent foundation.
A ""trailer house"" is the same as a mobile home.
See also definition of Manufactured Home.
Modular Construction:
A structure, transportable in one or more dependent sections, designed for use as a single-family residential dwelling unit, not built on a permanent chassis, capable of being transported from the place of fabrication to the site on which it is to be erected, where it is placed on a permanent foundation when assembled.
Nonconforming Use:
Any pre-existing structure or land use which is inconsistent with the provisions of this Code.
Pasture:
Areas where grass or other growing plants are used for grazing and where the concentration of animals is such that a vegetation cover is maintained during the growing season except in the immediate vicinity of temporary supplemental feeding or watering devices.
Plat:
A map or drawing which graphically delineates the boundary of the land parcels for the purpose of identification and record of title.
The plat is a recorded legal document and must conform to the law.
Practical Difficulties: ""Practical difficulties,"" as used in connection with the granting of a variance, means that the property owner proposes to use the property in a reasonable manner not allowed by the zoning ordinance; the plight of the landowner is due to circumstances unique to the property not created by the landowner; and the variance, if granted, will not alter the essential character of the locality.
Economic considerations alone do not constitute practical difficulties.
Public Parks:
A park, reservation, playground, or recreation or community center in which the community owned, leased, or used wholly in part of a town, county, state, school district, or federal government for recreational purposes.
Public Uses and Facilities:
Public and quasi-public buildings, structures, and land uses operated by a governmental agency or non-profit community organization including non-residential schools, churches, meeting halls, parks, athletic fields, and governmental offices.
Setbacks:
The shortest straight line distance between the outer extremity of a structure and property line.
Special Exemption:
A certain use as listed in this Code which may be harmonious under special conditions and its specific locations within a zone, but may not be allowed under the general conditions of the zone as stated in this code.
A special exemption must be authorized by town council after appropriate findings.
Tree:
An object of natural growth.
Townhouse:
An attached, privately owned single-family dwelling unit which is a part of and adjacent to other similarly owned single-family dwelling units that are connected to but separated from one another by a common party wall having no doors, windows, or other provisions for human passage or visibility.
Variance:
Relief from certain provisions of this Code, when due to the particular physical surroundings, shape or topographical condition of the property, compliance would result in a practical difficulty upon the property owner.A variance should not be used to permit a use in a district where it is not allowed under the terms of this Code.
(Ord.
685, 11-12-2020)"
2,Chapter 11-2 DISTRICTS AND BOUNDARIES,§ 11-2-1 ZONING DISTRICTS.,sub-sec-2.1,https://ecode360.com/43736150,https://zoneomics.com/code/25822/chapter_2#2.1,False,0,"The Town of Basin is hereby divided into the following zoning districts as shown below.
These zoning districts are created in order to promote the orderly development of land within the Town of Basin.
| District | District Intent | Reference |
| --- | --- | --- |
| Residential (R) | Provides an area for residential development and compatible uses at a density designed to promote efficiency in the delivery of essential services. | 11-2-4-2 |
| Mixed Residential (MR) | Provides an area for residential, multiple-family residential and manufactured housing development and compatible uses designed to promote efficiency in the delivery of essential services. | 11-2-4-3 |
| Rural Residential (RR) | Provides areas of low-density development and low-density uses to preserve a predominantly rural residential and agricultural character. | 11-2-4-4 |
| Mixed Use (MU) | Provides an area that provides a transitional use between commercial and established residential uses. | 11-2-4-5 |
| Downtown (D) | Provides an area of commercial, public and residential that would retain much of its present physical character, which are predominantly older and historic buildings arranged in a traditional pattern. | 11-2-4-6 |
| Commercial (C) | Provides placement of retail, service and wholesale providers and similar businesses in the areas where central services are available. | 11-2-4-7 |
| Railroad Commercial (RC) | Provides an area for the placement of commercial establishments along the railroad corridor. | 11-2-4-8 |
| Institutional (IL) | Provides areas for the placement of educational, health and governmental operations in a manner designed to accommodate their unique physical development needs. | 11-2-4-9 |
| Industrial (I) | Provides areas for wholesale activities warehouses and industrial operations such as manufacturing, assembly and fabrication activities whose external physical effects will be felt by some degree of surrounding properties. | 11-2-4-10 | (Ord.
685, 11-12-2020)"
2,Chapter 11-2 DISTRICTS AND BOUNDARIES,§ 11-2-2 ZONING DISTRICT MAP.,sub-sec-2.2,https://ecode360.com/43736151,https://zoneomics.com/code/25822/chapter_2#2.2,False,0,"The Zoning District Map of the Town of Basin is hereby adopted as the official Zoning District Map and is located at the Town Hall offices.
The Zoning District Map may be amended from time to time by ordinance and in compliance with any other applicable local or state laws.
The locations and boundaries of the aforesaid districts are hereby established as shown on the map entitled ""Zoning District Map,"" which map accompanies and is hereby declared to be a part of this title.
(Ord.
685, 11-12-2020)"
2,Chapter 11-2 DISTRICTS AND BOUNDARIES,§ 11-2-3 INTERPRETATION OF THE ZONING MAP.,sub-sec-2.3,https://ecode360.com/43736152,https://zoneomics.com/code/25822/chapter_2#2.3,False,0,"A.
Regardless of the existence of purported copies of the official Zoning Map, which may from time to time be made and published, the official Zoning Map, adopted by ordinance and updated by ordinance from time to time, shall be the final authority as the current zoning status of land within the Town of Basin.
B. Appeals:
Appeals concerning the exact location of a zoning district boundary line shall be determined by the Town of Basin Council.
(Ord.
685, 11-12-2020)"
2,Chapter 11-2 DISTRICTS AND BOUNDARIES,§ 11-2-4 DISTRICT REGULATIONS.,sub-sec-2.4,https://ecode360.com/43736155,https://zoneomics.com/code/25822/chapter_2#2.4,False,0,"Allowed, conditional, and interim uses are enumerated by each zoning district according to the land use regulation matrix, as amended by resolution.
Allowed, conditional, and interim uses shall meet the required criteria of the zoning district.
Building and/or land use permits are required unless specifically exempted or allowed without a permit.
There shall be erected or placed no more than one principal use or structure on any lot in a residential, mixed residential or rural residential district.
In all other districts a second principal use or structure may be approved via conditional or interim use permit.
Whenever an application proposes a use not identified by this Code as either a allowed, conditional or interim use, the Town Council, after review by the Planning Commission, shall issue a statement of clarification, finding that the use is either substantially similar in character and impact to a use identified as either allowed, allowed conditional or interim within the particular district, or that the use is not sufficiently similar to another use listed within the district.
Such statement of clarification shall include the findings that led to such conclusion.
If the proposed use is not sufficiently similar to a use regulated as either allowed interim, or conditional use in the specific district, the use shall be prohibited.
If an enumerated use in the land use regulation matrix is not specifically identified as allowed, allowed, conditional, or interim, then such use shall be deemed prohibited in the corresponding zoning district.
(Ord.
685, 11-12-2020)"
2,Chapter 11-2 DISTRICTS AND BOUNDARIES,§ 11-2-4-1 LAND USE MATRIX.,sub-sec-2.5,https://ecode360.com/43736156,https://zoneomics.com/code/25822/chapter_2#2.5,False,0,"A land use matrix shall be adopted and amended by resolution to reflect allowed, conditional and interim uses by zoning district.
| LAND USE MATRIX  Adopted September 10, 2013; amended November 12, 2020 | |
| --- | --- |
| **Key** | |
| R | Residential |
| MR | Mixed Residential |
| RR | Rural Residential |
| MU | Mixed Use |
| C | Commercial |
| RC | Railroad Commercial |
| IL | Institutional |
| IN | Industrial |
| C | Conditional Use |
| A | Allowed, Permit may be required |
| \* | A blank means the use is prohibited and may not occur within the district | | Land Use | R | MR | RR | MU | C | RC | IL | I | D |
| --- | --- | --- | --- | --- | --- | --- | --- | --- | --- |
| Accessory Uses & Structures | A | A | A | A | A | A | A | A | A |
| Adult Uses |  |  |  |  |  | A |  |  |  |
| Agriculture |  |  | A |  |  |  |  |  |  |
| Agricultural Buildings |  |  | A | A | A | A |  | A | A |
| Agricultural Implement Dir |  |  |  |  | A | A |  | A | A |
| Agricultural Mill & Elevator |  |  |  |  |  | A |  | A |  |
| Appliance Sales |  |  | A | A | A | A |  | A | A |
| Animal, Domestic Farm >2ac + |  |  | A |  |  |  |  |  |  |
| Animal, Domestic Farm <2ac |  |  | A |  |  |  |  |  |  |
| Animal Hospital |  |  | A | A | A | A |  |  |  |
| Animal Kennel |  |  | A |  |  |  |  |  |  |
| Animal Boarding |  |  | A | A | A | A |  |  |  |
| Animal Grooming |  |  | A | A | A | A |  |  | A |
| Asphalt & Concrete Plant |  |  |  |  |  |  | A | A |  |
| Athletic Complex |  |  | A | A | A |  |  |  | A |
| Auto Body Shop |  |  | A | A | A | A |  | A | A |
| Auto Parts New |  |  | A | A | A | A |  | A | A |
| Auto Repair |  |  | A | A | A | A |  | A | A |
| Auto Salvage |  |  |  |  |  |  |  | A |  |
| Automotive Tow/Compound |  |  |  |  |  | A |  | A |  |
| Bank & Financial Institution |  |  | A | A | A |  |  |  | A |
| Barber & Beauty Salon | C | C | A | A | A |  |  |  | A |
| Bed & Breakfast | C | C | A | A | A |  |  |  | A |
| Campgrounds |  |  | A | A | A |  |  |  | A |
| Car Wash |  |  | A | A | A | A |  | A | A |
| Cemetery |  |  | C |  |  |  |  |  |  |
| Counseling Non-Residential |  |  | A | A | A | A |  |  | A |
| Day Care | C | C | C | A | A |  |  |  | A |
| Fence | A | A | A | A | A | A | A | A | A |
| Emergency Response | A | A | A | A | A | A | A | A | A |
| Florist | C | C | C | A | A |  |  |  | A |
| Fraternal & Service Club |  |  | A | A | A |  |  |  | A |
| Fuel Storage & Distribution |  |  |  |  |  | A |  | A |  |
| Garden Center & Nursery |  | C | A | A | A |  |  |  | A |
| Gasoline & Convenience |  |  | A | A | A | A |  | A | A |
| Grocery Store |  |  | A | A | A | A |  |  | A |
| Health Club or Spa |  |  | A | A | A |  |  |  | A |
| Heavy Equipment Repair |  |  |  |  | A | A |  |  |  |
| High Intensity Lighted Sign |  |  |  |  | C | C | C | C | C |
| Home Occupation Habitation | A | A | A | A |  |  |  |  |  |
| Hospital |  |  | A |  |  |  | A |  |  |
| Hotel & Motel |  |  | C | A | A |  | A |  | A |
| Industrial, Heavy Mfg. |  |  |  |  | A |  |  |  |  |
| Industrial, Light Mfg. |  |  | A | A |  |  |  |  |  |
| Laundry & Dry Cleaners |  |  | A | A | A |  |  | A | A |
| Law Enforcement Center (Jail) |  |  | A | A | A | A |  |  | A |
| Public Library |  | A | A | A | A | A |  |  | A |
| Liquor Store |  |  | A | A | A |  |  |  | A |
| Lumber Yard |  |  | A | A | A | A |  |  | A |
| Machine Shop |  |  | A | A | A | A |  |  | A |
| Materials Storage Yard |  |  | C | C | A | A |  | A | C |
| Medical Clinic |  |  | A | A | C | A |  | A | A |
| Metal Fabrication & Assembly |  |  | A | A | A |  |  |  |  |
| Mixed Use Multi-Family Residential |  | A | A | C | A | A |  | A | A |
| Manufactured Home | A | A | A | A |  |  |  |  |  |
| Modular Home | A | A | A | A |  |  |  |  |  |
| Monument Works | A | A | A | A |  | A |  |  |  |
| Mortuary & Funeral Home |  |  | C | C | A | A |  | A | A |
| Newspaper/Printing Office |  |  | A | A | A | A |  |  | A |
| Nursing Home |  |  | C | C | A | A | A |  |  |
| Office, Business and/or Professional |  | C | C | C | A |  | A |  |  |
| Parks | C | C | C | A | A | A |  |  | A |
| Parking Garage, Public | A | A | A | A | A |  | A |  | A |
| Pharmacy | A | A | A | A | A |  |  |  | A |
| Public Building |  |  | C | A | A | A |  |  | A |
| Public Utility Building | C | C | C | A | A | A |  | A | A |
| PUD, Commercial |  |  | A | A | A | A |  | A |  |
| PUD, Mixed Use |  |  | A | A | A | A |  |  |  |
| PUD, Residential |  |  | A | A |  |  |  |  |  |
| Recreational Facility | A | A | C |  | A |  |  |  |  |
| Refuse, Service Facility |  |  |  | A | A | A |  |  |  |
| Refuse, Transfer Station |  |  |  |  |  | A |  | A |  |
| Religious Institution | A | A | A | A | A |  | A | A | A |
| Residential, Single-Family | A | A | A | A | A | A | A | A | C |
| Residential, Duplex/Triplex/Quad |  | A | A | A |  |  |  |  |  |
| Residential, Multiple-Family |  | A | A | A |  |  |  |  |  |
| Restaurant & Lounge |  |  | A | A | A | A |  |  | A |
| Retail (General) |  |  | A | A | A | A |  |  | A |
| Retail (Food Distribution) |  |  | A | A | A | A |  |  | A |
| Riding Stables |  |  | C |  |  |  |  |  |  |
| Sand/Gravel Storage |  |  | C |  |  | A |  | A |  |
| School |  | C | C | C | C |  | A |  | A |
| Theater |  |  | A | C | A |  |  |  | A |
| Trade Shop |  |  | A | A | A | A |  |  | A |
| Transitional Housing |  |  | C | C |  |  | C |  |  |
| Transportation Facility |  |  | C | C | A | A |  | A | A |
| Vehicle Sales, New or Used |  |  | A | A | A | A |  |  | A |
| Veterinary, Large Animal |  |  | A | A | A | A |  |  |  |
| Veterinary, Small Animal |  |  | A | A | A | A |  |  | C |
| Warehouse and Distribution |  |  | C | C | C | A |  | A | C | (Ord.
685, 11-12-2020)"
2,Chapter 11-2 DISTRICTS AND BOUNDARIES,§ 11-2-4-2 RESIDENTIAL ZONE.,sub-sec-2.6,https://ecode360.com/43736157,https://zoneomics.com/code/25822/chapter_2#2.6,False,0,"A.
Purpose:
The purpose of the residential zone is to provide an area for single-family dwelling free from the traffic and congestion of industry, commerce, and areas of mixed residential use.
B. Uses Allowed:
1. See
Section 11-23-4-1, Land Use Matrix.
2. Single-family dwellings of conventional and modular construction, manufactured homes, home occupations, bed and breakfast inns, child day care facilities and dedicated parks and facilities are the only uses allowed in the residential zone.
C. Performance Standards:
Uses in the residential district shall conform to the following zone-specific standards:
1. Bed and breakfast uses shall require adequate parking so as not to cause disruption to neighboring residents.
(Ord.
685, 11-12-2020)"
2,Chapter 11-2 DISTRICTS AND BOUNDARIES,§ 11-2-4-3 MIXED RESIDENTIAL ZONE.,sub-sec-2.7,https://ecode360.com/43736164,https://zoneomics.com/code/25822/chapter_2#2.7,False,0,"A.
Purpose:
The purpose of the mixed residential zone is to provide adequate areas for single-family and multiple family dwellings as well as manufacture home dwellings and to maintain the attractiveness of the town's residential neighborhoods.
B. Uses Allowed:
1. See
Section 11-23-4-1, Land Use Matrix.
2. Uses allowed in the mixed residential zone include single-family and multi-family dwellings of site-built, modular, and manufactured construction, manufactured home parks, home occupations, bed and breakfast inns, home-based business, dedicated parks and facilities.
C. Uses Prohibited:
See
Section 11-23-4-1, Land Use Matrix.
D. Performance Standards:
Uses in the mixed residential district shall conform to the following zonespecific standards:
1. Bed and breakfast uses shall require adequate parking so as not to cause disruption to neighboring residents.
2. Off-Street Parking:
Multiple-family dwellings shall provide at least one and one-half (1½) spaces of off-street parking for each unit.
3. Sidewalks:
All multi-family structures shall have sidewalks that connect building entrances to parking areas and to the public sidewalk.
(Ord.
685, 11-12-2020)"
2,Chapter 11-2 DISTRICTS AND BOUNDARIES,§ 11-2-4-4 RURAL RESIDENTIAL ZONE.,sub-sec-2.8,https://ecode360.com/43736174,https://zoneomics.com/code/25822/chapter_2#2.8,False,0,"A.
Purpose:
The purpose of this zoning district is to allow for certain agricultural activities within the boundaries of the Town of Basin and allow low density residential uses and other low intensity land uses such as public parks and recreational facilities.
B. Allowed Uses:
1. See
Section 11-23-4-1, Land Use Matrix.
2. Uses allowed in the residential and mixed residential zone.
3. The growing of crops and the rearing, feeding, grazing and management of livestock and poultry, including the keeping of roosters.
This is not intended to allow large commercial livestock and poultry operations with heavy concentration of livestock and poultry, but rather to allow for light concentration as appropriate for the lot size.
This includes hobby and educational small-scale farm operations primarily used for pleasure rather than a business venture and are not considered as the sole source of income.
These areas shall be maintained clean, sanitary and secure and must otherwise abide by the Town of Basin ordinances.
Farm animals are allowed in this zone with no permit required.
C. Uses Prohibited:
See
Section 11-23-4-1, Land Use Matrix.
(Ord.
685, 11-12-2020; Ord.
708, 12/14/2023)"
2,Chapter 11-2 DISTRICTS AND BOUNDARIES,§ 11-2-4-5 MIXED USE ZONE.,sub-sec-2.9,https://ecode360.com/43736181,https://zoneomics.com/code/25822/chapter_2#2.9,False,0,"A.
Purpose:
The purpose of the mixed use zone is to provide for the continuation of existing commercial and residential land uses and to allow for new commercial and residential buildings within the zone.
The zone is also intended to improve the appearance of Basin's commercial corridors and to allow residential use to continue without excessive impacts from any new commercial land uses.
B. Uses Allowed:
1. See
Section 11-23-4-1, Land Use Matrix.
2. Uses allowed in the residential, mixed residential and commercial zone.
C. Performance Standards:
The following performance standards shall apply to the new construction and new land uses in the mixed use zone:
1. Residential Performance Standards:
All new residential construction in the mixed use zone shall conform to the standards in the mixed residential zone.
2. Commercial Performance Standards:
All new commercial construction and land uses in the mixed use zone shall conform to the performance standards of commercial zone.
3. Commercial Development Adjoining Residential:
Whenever new commercial or new multi-family housing construction or land use is proposed on a site adjoining a lot with existing residential building, the following additional performance standards shall apply to the commercial development:
a. Screening:
The proposed development shall provide a visual screen, such as a board fence, along the side property line adjoining any lot with an existing residential building.
b. Lighting:
All outdoor lighting shall be planned and installed to be compatible with the area.
Area lighting shall utilize full cut-off shields and shall not be placed more than eighteen feet (18′) above ground level.
Excessive site lighting is prohibited, and lighting of adjoining properties shall be minimized.
c. Signs:
Any freestanding sign shall be located at least ten feet (10′) back from any property line.
(Ord.
685, 11-12-2020)"
2,Chapter 11-2 DISTRICTS AND BOUNDARIES,§ 11-2-4-6 DOWNTOWN ZONE.,sub-sec-2.10,https://ecode360.com/43736193,https://zoneomics.com/code/25822/chapter_2#2.10,False,0,"A.
Purpose:
The downtown zone is established for the purpose of providing for commercial, office, public, and residential uses that retain the character of Basin's traditional downtown area including the Courthouse Square.
B. Uses Allowed:
1. See
Section 11-23-4-1, Land Use Matrix.
2. Residential use is allowed above the ground floor level of any multi-story building in the downtown zone.
3. Residential and mixed residential uses are allowed in the commercial zone with a minimum of 51% of the structure being used for the business, maximum of 49% of the structure being used for single-family residence.
C. Performance Standards:
Uses in the downtown zone shall conform to the following performance standards:
1. Parking:
On-site parking is not required for buildings located on sites smaller than 17,500 square feet.
On larger sites, on-site parking may be required as necessary to accommodate parking demand in excess of available on-street parking adjoining the site.
(Ord.
685, 11-12-2020)"
2,Chapter 11-2 DISTRICTS AND BOUNDARIES,§ 11-2-4-7 COMMERCIAL ZONE.,sub-sec-2.11,https://ecode360.com/43736201,https://zoneomics.com/code/25822/chapter_2#2.11,False,0,"A.
Purpose:
The commercial zone is established for the purpose of providing an area for commercial use where other uses are secondary and where adequate parking may be provided by new commercial establishments.
B. Uses Allowed:
1. See
Section 11-23-4-1, Land Use Matrix.
C. Residential and mixed residential uses are allowed in the commercial zone with a minimum of 51% of the structure being used for the business, maximum of 49% of the structure being used for single-family residence.
D. Performance Standards:
The following performance standards shall apply to new construction and new land uses in the commercial zone:
1. Sidewalks:
All structures shall have sidewalks that connect building entrances to parking areas and to the public sidewalks.
2. Parking:
Commercial developments shall provide off-street parking adequate for employees and customers.
Such parking areas shall have adequate drainage and lighting, and safe access to public streets.
Parking areas shall be located no closer than five feet (5′) to any property line.
3. Lighting:
All outdoor lighting shall be planned and installed to be compatible with the area.
Area lighting installed to be compatible with the area.
Area lighting shall utilize full cut-off shields and shall not be placed more than eighteen feet (18′) above ground level.
Excessive site lighting is prohibited, and lighting of adjoining properties shall be minimized.
(Ord.
685, 11-12-2020)"
2,Chapter 11-2 DISTRICTS AND BOUNDARIES,§ 11-2-4-8 RAILROAD COMMERCIAL ZONE.,sub-sec-2.12,https://ecode360.com/43736210,https://zoneomics.com/code/25822/chapter_2#2.12,False,0,"A.
Purpose:
The railroad commercial zone is established for the purpose of providing an area for heavy commercial uses including agricultural products processing in areas along the railroad tracks historically used for these purposes.
This is also the only zone where adult uses are allowed.
B. Uses Allowed:
1. See
Section 11-23-4-1, Land Use Matrix.
2. Adult uses, agricultural products processing, agricultural supplies, sales and storage, equipment and fuel sales and storage, storage elevators, truck storage yards, warehouses, wholesale storage, and land uses that are allowed in the commercial zone.
C. Prohibited Uses:
Residential and mixed residential uses.
D. Performance Standards:
The following performance standards shall apply to new construction and new land uses in the commercial zone:
1. Parking:
Commercial developments shall provide off-street parking adequate for employees and customers.
Such parking areas shall have adequate drainage and lighting, and safe access to public streets.
(Ord.
685, 11-12-2020)"
2,Chapter 11-2 DISTRICTS AND BOUNDARIES,§ 11-2-4-9 INSTITUTIONAL ZONE.,sub-sec-2.13,https://ecode360.com/43736218,https://zoneomics.com/code/25822/chapter_2#2.13,False,0,"A.
Purpose:
The purpose of the institutional zone is to accommodate the Wyoming Retirement Center and similar institutional uses in a spacious campus setting.
B. Allowed Uses:
Retirement center, related uses, and accessory uses.
C. Performance Standards:
There are no pre-established setbacks or other requirements for the institutional zone.
Maximum design flexibility is afforded with development specifications established through a master site plan reviewed by the planning commission.
The master site plan shall show immediate and future development with integrated site planning for parking, access, circulation, building locations and designs, open space, drainage, and utilities.
Construction of buildings shall require an approved master site plan prior to construction approval.
(Ord.
685, 11-12-2020)"
2,Chapter 11-2 DISTRICTS AND BOUNDARIES,§ 11-2-4-10 INDUSTRIAL ZONE.,sub-sec-2.14,https://ecode360.com/43736222,https://zoneomics.com/code/25822/chapter_2#2.14,False,0,"A. Delineation:
The limits of the industrial zone shall be shown on the official zoning map of the town.
B. Purpose:
The industrial zone is established for the purpose of providing an area for industrial use where other uses which limit the normal scope of industrial operations are secondary.
C. Uses Allowed:
1. See
Section 11-23-4-1, Land Use Matrix.
2. Commercial zone uses.
3. Railroad commercial zone uses.
4. Light and heavy industrial uses.
D. Industrial land uses are allowed in the industrial zone except in the following which are excluded from the town limits:
1. Commercial livestock operations.
2. Oil refineries.
3. Power generating station.
4. Rendering plants.
5. Any other industry that the planning commission and town council has ruled unsuitable due to odor, glare, noise, safety and health hazards, etc.
E. Uses Prohibited:
See
Section 11-23-4-1, Land Use Matrix.
F. Performance Standards:
Uses in the industrial zone shall conform to the following performance standards:
1. Parking:
All industrial uses shall provide off-street parking adequate for employees and customers.
Such parking areas shall have adequate drainage and lighting, and safe access to public streets.
(Ord.
685, 11-12-2020)"
2,Chapter 11-2 DISTRICTS AND BOUNDARIES,§ 11-2-4-11 BULK REGULATIONS BY ZONING DISTRICTS.,sub-sec-2.15,https://ecode360.com/43736239,https://zoneomics.com/code/25822/chapter_2#2.15,False,0,"| Zone | Street Setback | Alley Setback | Other Lot Line Setbacks | Maximum Building Height |
| --- | --- | --- | --- | --- |
| Residential | 15′ | 5′ | 5′ | 35′ |
| Mixed Residential | 15′ | 5′ | 5′ | 35′ |
| Rural Residential | 10′ | 5′ | 5′ | 35 |
| Mixed Use | 10′ | 5′ | 5′ | 35′ |
| Downtown | 0′ | 5′ | 0′ | 35′ |
| Commercial | 0′ | 5′ | 0′ | 35′ |
| Railroad Commercial | 0′ | 5′ | 0′ | 56′ |
| Institutional | None | None | None | 56′ |
| Industrial | 20′ | 5′ | 0′ | 56′ | (Ord.
685, 11-12-2020)"
3,Chapter 11-3 PLANNING AND ZONING COMMISSION,§ 11-3-1 FINDING.,sub-sec-3.1,https://ecode360.com/43736241,https://zoneomics.com/code/25822/chapter_3#3.1,False,0,"The Town of Basin council appointed the zoning planning commission on January 7, 1975, known as the Basin planning commission to evaluate town growth and make recommendations to the town regarding what measures to take to control or direct it.
(Ord.
685, 11-12-2020)"
3,Chapter 11-3 PLANNING AND ZONING COMMISSION,§ 11-3-2 AUTHORITY.,sub-sec-3.2,https://ecode360.com/43736242,https://zoneomics.com/code/25822/chapter_3#3.2,False,0,"This commission is adopted under the authority of
Sections 15-1-501 through
15-1-604 Wyoming Statutes, as amended.
(Ord.
685, 11-12-2020)"
3,Chapter 11-3 PLANNING AND ZONING COMMISSION,§ 11-3-3 MEETINGS.,sub-sec-3.3,https://ecode360.com/43736243,https://zoneomics.com/code/25822/chapter_3#3.3,False,0,"Meetings of the board shall be held at the call of the chairperson, and at such other times as the board may determine.
All meetings of the board shall be open to the public.
The board shall keep minutes of its proceedings, showing the vote of each member upon each question, or if absent, or failing to vote, indicating such fact, and shall keep records of its examinations and other official actions, all of which shall be immediately filed in the office of the board and shall be a public record.
(Ord.
685, 11-12-2020)"
3,Chapter 11-3 PLANNING AND ZONING COMMISSION,§ 11-3-4 JURISDICTION.,sub-sec-3.4,https://ecode360.com/43736244,https://zoneomics.com/code/25822/chapter_3#3.4,False,0,"The board shall have the following powers:
A. The commission, after holding public hearings, shall adopt and certify to the governing body a master plan for the physical development of the municipality.
B. The commission has all powers necessary to perform its planning functions and promote municipal planning and may:
1. Make reports and recommendations relating to the plan and development of the municipality to public officials and agencies, other organizations and citizens;
2. Recommend to the town council programs for public improvement and their financing.
C. To recommend the boundaries of the various zoning districts and appropriate regulations to be enforced therein.
D. Review and make recommendations to the town council concerning building and/or development as required in Town Code.
(Ord.
685, 11-12-2020)"
3,Chapter 11-3 PLANNING AND ZONING COMMISSION,§ 11-3-5 MEMBERS.,sub-sec-3.5,https://ecode360.com/43736251,https://zoneomics.com/code/25822/chapter_3#3.5,False,0,"The board shall consist of seven members comprised of one member of the town council and six members from the incorporated community appointed by the mayor with the consent of the council.
it is the council's prerogative to remove a member from the planning and zoning commission.
Any member of the planning and zoning commission may be removed for cause by the governing body upon written charges.
Vacancies shall be filled for the unexpired term of any member whose term becomes vacant.
Appointments will be for three years and be staggered to allow for two members to be appointed every year.
Maximum number of consecutive terms is three.
Terms of office for the elective officers of the board shall be one year.
Election of officers shall be the last Tuesday of November.
Procedure to remove officer from an elective office requires a vote of no confidence by a majority of the members present at a regularly scheduled monthly meeting for the removal.
Filling the office shall occur at the following regular meeting.
(Ord.
685, 11-12-2020)"
3,Chapter 11-3 PLANNING AND ZONING COMMISSION,§ 11-3-6 QUORUM.,sub-sec-3.6,https://ecode360.com/43736252,https://zoneomics.com/code/25822/chapter_3#3.6,False,0,"A minimum quorum of four members is required for any action at a meeting of the planning commission.
Quorum may consist of members present via teleconference.
If the meeting is conducted in such a way that all members participating can hear each other at the same time.
Procedures shall be adopted to recognize members and votes by roll call.
(Ord.
685, 11-12-2020)"
4,Chapter 11-4 ADDITIONAL PROVISIONS,§ 11-4-1 SEVERABILITY.,sub-sec-4.1,https://ecode360.com/43736254,https://zoneomics.com/code/25822/chapter_4#4.1,False,0,"Should any portion of this title or the application of it to specific circumstances be held invalid in a court of competent jurisdiction the remainder of this title and its application to other circumstances shall remain unaffected.
(Ord.
685, 11-12-2020)"
4,Chapter 11-4 ADDITIONAL PROVISIONS,§ 11-4-2 CONCURRENT APPLICATION.,sub-sec-4.2,https://ecode360.com/43736255,https://zoneomics.com/code/25822/chapter_4#4.2,False,0,"Where other ordinances of the town or standards of state or federal law apply to building or construction regulated by this title, the more restrictive shall govern.
(Ord.
685, 11-12-2020)"
4,Chapter 11-4 ADDITIONAL PROVISIONS,§ 11-4-3 NONCONFORMITIES.,sub-sec-4.3,https://ecode360.com/43736256,https://zoneomics.com/code/25822/chapter_4#4.3,False,0,"Any use or structure lawfully existing upon the effective date of this title may be continued at the size and in the manner of operation existing upon such date, subject to the following conditions:
A. A nonconforming use of land or structure shall in no way be expanded, enlarged or extended either on the same property or onto an adjoining lot of record if it will increase the area of nonconformity or create another nonconformity on the parcel.
B. Prohibited expansion, enlargement or extension shall include anything that increases the intensity of the use, including, but not limited to, a change to a more intense nonconforming use or a physical expansion of the existing use that increases the height, volume and/or area dimensions of the nonconforming use.
C. Nonconforming principal and accessory structures may be expanded or enlarged upon issuance of the appropriate permits provided that the use of the property conforms to zoning district regulations, that the expansion or enlargements meets current zoning district regulations and all applicable statutes and rules are complied with, and no other nonconformities are created.
Such expansion or enlargement of a nonconforming principal or accessory structure may be approved along with a development plan in conjunction with a building or land use permit application provided the area of the new improvements does not add to the existing nonconformity nor does it create another nonconformity.
All additions or alterations which expand or enlarge the total existing structure area on the parcel which cannot meet all other current zoning district regulations may only be authorized by a variance.
D. Routine maintenance of a structure containing or relating to a lawful nonconforming use is allowed, including any necessary nonstructural repairs and incidental alterations that do not extend or intensify the nonconforming use.
Nothing in this section will prevent the placing of a structure into a safe condition after it has been declared unsafe by a building official.
E. Alterations may be made to a building containing nonconforming residential units when the alterations will improve the livability of such units, provided that such alterations do not increase the number of dwelling units in the building.
Such alterations must be reviewed and recommended by the planning commission and with approval of the town council.
F. Whenever a nonconforming structure or use is damaged by fire, collapse, flood, explosion, earthquake, war, riot, act of God or public enemy, or to the extent of 50% or less of its estimated assessed value as indicated in the records of the county assessor at the time of damage, it may be reconstructed.
The nonconforming structure or use shall not be allowed to be reconstructed if the damage is greater than 50% of its estimated assessed value as indicated in the records of the county assessor at the time of damage and no building permit has been applied for within 180 days of when the property was damaged.
G. When any lawful nonconforming use of any structure or land is replaced by another use or structure, the new use or structure must conform to the provisions of this title and it shall not thereafter be changed to any nonconforming use or structure.
H. If the nonconforming use of land is discontinued for a period of 12 months, the subsequent use of the land or the structure shall be in the conformity with the provisions of this title.
I. Nonconforming uses or structures that are declared by the town council to be public health and/or safety nuisances shall not be allowed to continue as legal nonconforming uses or structures.
J. No repair, replacement, maintenance, improvement or expansion of a nonconforming use or structure in a flood plain area shall be allowed if such activity would jeopardize the property's continued eligibility in the National Flood Insurance Program, would increase flood damage potential, or would increase the degree of obstruction to flood flows in the floodway.
(Ord.
685, 11-12-2020)"
4,Chapter 11-4 ADDITIONAL PROVISIONS,§ 11-4-4 MOBILE AND MANUFACTURED HOMES.,sub-sec-4.4,https://ecode360.com/43736267,https://zoneomics.com/code/25822/chapter_4#4.4,False,0,"A.
Mobile and manufactured homes that are older than 20 years will not be permitted anywhere within the Town of Basin.
Any mobile and manufactured home older than 10 years of age may be inspected by a professional inspector retained by the town to ensure that it is habitable and structurally sound prior to being permitted within the town.
Existing mobile/manufactured homes that are older shall be considered as grandfathered as of the effective date of this title and will be allowed unless or until they are considered a health and safety nuisance/problem.
At such time that a mobile/manufactured home is removed from the property, the property can no longer be occupied by a mobile/manufactured home unless it is of the appropriate age and if otherwise allowed within the area.
Any and all mobile or manufactured homes located within the Town of Basin must have an affixed manufacturer's certification as outlined in the Code of Federal Regulations Title 24,
Section 3280.11.
B. All mobile/manufactured home parks shall conform to subdivision standards per Title 10 (Subdivision Code) and applicable state standards.
No compliance permit shall be issued prior to DEQ approval of the plans and specifications.
(Ord.
685, 11-12-2020; Ord.
718, 1-8-2026)"
4,Chapter 11-4 ADDITIONAL PROVISIONS,§ 11-4-5 VARIANCES.,sub-sec-4.5,https://ecode360.com/43736270,https://zoneomics.com/code/25822/chapter_4#4.5,False,0,"The town council shall have the exclusive power to order the issuance of variances from the terms of this Code.
All such variances shall be granted in accordance with W.S.
Title 15, as amended.
A. Application:
Application for variance shall be made, in writing, to the Basin planning commission at least 10 working days before a regular planning commission meeting.
The application shall explain precisely from which standard a variance is sought and the reasons a variance is needed.
The non-refundable fee must be paid prior to the application being considered.
B. Standards:
No variance from the strict application of any provision of this title may be granted unless:
1. There are special circumstances or conditions, fully described in written findings, which are peculiar to the land or building for which the adjustment is sought and do not apply generally to land or buildings in the neighborhood, and have not resulted from any act of the applicant subsequent to the adoption of the title;
2. For reasons fully set forth in the written findings, the circumstances or conditions are such that the strict application of the provisions of the title would deprive the applicant of the reasonable use of the land or building, the granting of the adjustment is necessary for the reasonable use thereof and the adjustment as granted is the minimum adjustment that will accomplish this purpose; and
3. A practical difficulty with compliance of the standard is established.
Practical difficulties, as used in connection with the criteria for granting of a variance, means:
a. The property owner proposes to use the property in a reasonable manner not allowed by the Zoning and
Subdivision Ordinance,
b. The plight of the landowner is due to circumstances unique to the property not created by the landowner, c. The variance, if granted, will not alter the essential character of the locality, d. Economic considerations alone do not constitute practical difficulties, e. Practical difficulties include, but are not limited to, inadequate access to direct sunlight for solar energy systems;
4. The granting of the adjustment is in harmony with the general purposes and intent of this title and will not be injurious to the neighborhood or otherwise detrimental to the public welfare.
C. Action:
The planning commission shall review each application for a variance and shall within 60 days:
1. Recommend to the town council that the variance be granted;
2. Recommend to the town council that the variance be granted with stipulations;
3. Recommend to the town council that the variance be rejected; or
4. Call for public comments on the variance.
|  |
| --- |
| Amending or altering a variance request will start a new 60 day review. | D. Approval by Town Council:
The town council shall, at the first regular meeting following any recommendation from the planning commission, approve, disapprove, or request further information of any actions taken by the planning commission, with the exception that the planning commission may call for public comment without approval of the town council.
E. Public Comment:
In the event that public comment is called, the applicant shall pay for notice fees and the town shall publish notice of said hearing at least twice in the town's official newspaper.
The notice shall contain the location of the proposed variance and a description of it.
F. Action After Hearing:
After a public hearing on an application for a variance the planning commission shall within 30 days:
1. Recommend to the town council that the variance be granted;
2. Recommend to the town council that the variance be granted with conditions;
3. Recommend to the town council that the variance be rejected.
G. Stipulations:
The governing body may impose stipulations in the granting of variances.
A stipulation must be directly related to and must bear a rough proportionality to the impact created by the variance.
H. The planning commission and town council must make an affirmative finding on three of the 3/5 criteria listed in
Section 11-4-5(B)(3)(a) in order to grant a variance.
The applicant for a variance has the burden of proof to show that the majority of the criteria listed above have been satisfied.
A variance shall not be granted for a use that is not allowed under the terms of this Code.
I. The written report to be included with any action by the town council shall outline the reasons for approval or denial.
(Ord.
685, 11-12-2020)"
4,Chapter 11-4 ADDITIONAL PROVISIONS,§ 11-4-6 ZONE CHANGES AND OTHER AMENDMENTS.,sub-sec-4.6,https://ecode360.com/43736296,https://zoneomics.com/code/25822/chapter_4#4.6,False,0,"A.
Application:
Application for a zone change shall be made, in writing, to the planning commission at least 10 working days in advance of a regular planning commission meeting.
The application shall contain an accurate description of the area for which the change is requested and a description of the proposed use if the change is granted.
A non-refundable fee shall be paid prior to any consideration of the zone change.
B. Initial Consideration:
At its initial consideration of the application for a zone change, the planning commission shall set a date for a hearing on the zone change.
C. Notice:
A hearing on a zone change shall be preceded by at least 20 days notice in the town's official newspaper and by notice to all adjacent landowners by certified mail.
Notice shall be at the expense of the applicant.
D. Action:
After the hearing on the proposed zone change, the planning commission shall within 60 days:
1. Certify the change to the town council for inclusion on the official zoning map of the town; or
2. Recommend to the town council that the change be rejected.
E. Hearing by Town Council:
Upon receiving a certification or recommendation concerning a zone change, the town council shall set the date for a public hearing on the proposed zone changes.
Such a hearing shall be preceded by at least 15 days' notice in the town's official newspaper.
F. Action by Town Council:
After holding its hearing on a proposed zone change, the town council shall within 32 days:
1. Accept the change by majority vote; or
2. Accept the change with additional conditions; or
3. Reject the change by majority vote.
G. Exceptions to Majority Vote Rule:
Where the owners of 20% or more of the adjacent lots file a written protest to the change, at least 75% of the members of the Town Council must vote in favor of the change to secure its adoption.
H. Official Zoning Map:
Upon town council final acceptance of a zoning change, the town clerk shall cause the change to be shown on the official zoning map, with said change to be endorsed with the signature of the mayor.
I. Other Amendments:
All other amendments to the zoning ordinance, including any amendment to the text of the ordinance, comprehensive revision of the ordinance, and comprehensive revision of the zoning map, shall be processed in accordance with requirements of subsections A through H of this section except that the notice to all adjacent landowners of subsection C is not required.
(Ord.
685, 11-12-2020)"
5,"Chapter 11-5 ENFORCEMENT, APPEALS AND PENALTIES",§ 11-5-1 ENFORCEMENT.,sub-sec-5.1,https://ecode360.com/43736312,https://zoneomics.com/code/25822/chapter_5#5.1,False,0,"A.
Violation Defined:
It is a violation of this title to make any use of property or commence construction or other land use or development activities not expressly allowed by this title, without a compliance permit, or other required approval granted pursuant to this title.
B. Action by Zoning Officer:
When the zoning officer determines that a zoning violation has occurred and informal resolution is unsuccessful or inappropriate due to the nature of the violation, the zoning officer shall send a notice of violation to the responsible party by certified mail, return receipt requested.
The notice shall state the location of the property, the nature of the violation, the section(s) of this title being violated, a time limit for compliance not exceeding 10 days, the penalty for violations, and suggested corrective actions.
The zoning officer shall also send a copy of the notice to the town attorney.
C. Revocation of Permits:
If the zoning officer finds that any construction is not in accordance with the approved zoning compliance permit or is in violation of this or any other pertinent regulations, or that there has been any misrepresentation in connection with the application for the permit, the zoning officer shall notify the responsible party of such findings and that the violation must be corrected.
The responsible party shall have 10 working days in which to reply to such notification.
If such reply or correction is not made, the zoning officer shall revoke the permit and shall provide to the responsible party a written notice of the revocation, including the reasons for the revocation and notice of the right of appeal to the town council.
No person shall proceed with any part of such construction after such notice is received.
D. Town Attorney:
If a violation is not remedied within the time limit specified in a notice of violation, the town attorney shall use all appropriate legal means to enforce compliance with this title.
(Ord.
685, 11-12-2020)"
5,"Chapter 11-5 ENFORCEMENT, APPEALS AND PENALTIES",§ 11-5-2 APPEALS.,sub-sec-5.2,https://ecode360.com/43736317,https://zoneomics.com/code/25822/chapter_5#5.2,False,0,"A.
Appeals from Action of Zoning Officer:
Appeals from a decision by the zoning officer may be made, in writing, to the town council.
Such appeals must be filed at least 10 working days before a regular meeting of the council.
B. Appeals from action of Town Council:
Appeals from a decision of the town council may be made to District Court as provided by law.
(Ord.
685, 11-12-2020)"
5,"Chapter 11-5 ENFORCEMENT, APPEALS AND PENALTIES",§ 11-5-3 PENALTY.,sub-sec-5.3,https://ecode360.com/43736320,https://zoneomics.com/code/25822/chapter_5#5.3,False,0,"Violations of this title shall be punishable as provided in
Section 1-4-1 of this Code.
Each day in which the violation continues shall be ruled a separate offense.
A.
Section 1-4-1 (General Penalty—Remedies Generally): Whenever in this Code or in any ordinance, resolution or regulation promulgated by any officer or agency of the town under authority vested in him or her by law or ordinance, any act is prohibited or is declared to be unlawful or an offense or a misdemeanor, or the doing of any act is required, or the failure to do any act is declared to be unlawful or an offense or a misdemeanor, and no specific penalty is provided therefor, the violation of any such provision of this Code or any such ordinance, resolution or regulation shall be punished by a fine of not more than $750, plus court costs; provided, however, that the imposition of any such fine shall not bar institution of appropriate legal actions of proceedings by the town to restrain, correct or abate the violation, nor shall the institution of such legal actions or proceedings be deemed a bar to the imposition of such fine.
B. Continuing Violations:
Except as otherwise provided, each day any violation of this Code or any such ordinance, resolution or regulation continues shall constitute a separate offense.
(Ord.
685, 11-12-2020)"
6,Chapter 11-6 PERMITS AND FEES,§ 11-6-1 ZONING COMPLIANCE PERMITS.,sub-sec-6.1,https://ecode360.com/43736324,https://zoneomics.com/code/25822/chapter_6#6.1,False,0,"A.
Permit Required:
A zoning compliance permit issued by a designated zoning officer shall be required for all construction or demolition of a building.
B. Review before Issuance:
All zoning compliance permit applications for industrial uses, commercial uses, institutional uses, public uses and facilities, manufactured home courts, planned residential developments, and multi-family dwellings shall require development plan review and approval by the planning commission.
C. Form of Application:
Applications for zoning compliance permits and development plans shall be made on forms provided by the town.
The planning commission is authorized to develop appropriate forms that specify the necessary project information, site layout, and design details that applicants should provide to allow the commission to efficiently conduct its review.
D. Basis of Review:
Review shall be based on a development plan submitted to the zoning officer at least 10 working days prior to a regular planning commission meeting.
The planning commission shall review development plans for conformance to the performance standards, zone regulations, and other standards contained in this title.
E. Issuance After Review:
After review of the development plan by the planning commission, the planning commission shall within 60 days:
1. Recommend to the town council to approve the permit; or
2. Recommend to the town council to approve the permit with stipulations; or
3. Recommend to the town council to reject the permit.
The commission shall list its reasons in writing within 14 days after the decision is made.
F. Permit Issuance:
The designated zoning officer may issue zoning compliance permits when the officer is satisfied that the proposed project conforms to the requirements of this title.
In cases where planning commission approval of a development plan is required, the officer shall issue the zoning compliance permit only after the planning commission has reviewed and the town council has approved the plan.
G. Duration of Permit:
A zoning compliance permit is valid for one year.
Application would again be necessary before activity proceeds in future years.
(Ord.
685, 11-12-2020)"
6,Chapter 11-6 PERMITS AND FEES,§ 11-6-2 INTERIM USE PERMITS.,sub-sec-6.2,https://ecode360.com/43736335,https://zoneomics.com/code/25822/chapter_6#6.2,False,0,"A.
Any use listed as an interim use in this title shall be allowed only upon application, review and recommendation of the planning commission to the town council.
B. The applicant for interim use permit shall fill out and submit to the planning commission an application for an interim use permit at least 10 days prior to a regularly scheduled planning commission meeting.
When such permit is completed and submitted, the appropriate fee shall be paid in order for the application to be considered complete and to receive consideration by the planning commission.
A site evaluation shall be conducted by the appointed town designee and, as applicable, the planning commission prior to consideration of the permit by the town council.
C. Required Findings of Fact:
The planning commission shall during its public hearing consider and include in its recommendation to the town council consideration of the following findings of fact:
1. Whether the proposed use adversely affects the public safety, health, morals, convenience and general welfare of the occupants of surrounding land.
2. Whether the proposed use adversely affects traffic conditions and parking on adjacent streets and land.
3. Whether the proposed use adversely affects property in the surrounding area.
4. Whether adequate utility, drainage and other such necessary facilities have been or can be provided.
5. Requirement to notify the Town of Basin within 30 days of the transfer of ownership of a property subject to an interim use permit.
(Ord.
685, 11-12-2020)"
6,Chapter 11-6 PERMITS AND FEES,§ 11-6-3 CONDITIONAL USE PERMITS.,sub-sec-6.3,https://ecode360.com/43736344,https://zoneomics.com/code/25822/chapter_6#6.3,False,0,"In consideration of the granting of any conditional use permit the planning commission shall evaluate the effect of the proposed use upon:
A. Proposed Findings of Fact:
1. The maintenance of the public health, safety and welfare.
2. The location of the site with respect to existing and proposed access roads.
3. Its compatibility with adjacent land uses.
4. Its compatibility with the intent of the zoning district in which such use is proposed.
5. The ability to provide pedestrian and bicycle access, as noted in the site plan, to any customer/tenant, ingress/egress of the building, including from a public right-of-way and off-street parking area that serves the use in a manner which minimizes non-vehicular/vehicular conflicts.
B. Upon consideration of the factors listed above, the planning commission may attach such reasonable conditions in addition to those required elsewhere in ordinance, which it deems necessary for the furtherance of the purposes set forth in this title.
Such conditions attached to conditional use permits may include, but shall not be limited to:
1. Increased yards and setbacks;
2. Limitations on odor, dust, noise, and light pollution;
3. Periods and/or hours of operation;
4. Minimum number of off-street parking spaces;
5. Type of construction;
6. Adequate access for all pedestrians, including those using wheelchairs or any other mobility aid, subject to requirements in the Americans with Disabilities Act.
7. Deed restrictions;
8. Landscaping and vegetative screening;
9. Specified sewage treatment and water supply; connections;
10. Location of signs;
11. Any other reasonable requirements necessary to fulfill the purposes and intent of this title.
C. The procedure for applying for a conditional use permit is as follows:
1. An applicant desiring a conditional use permit shall fill out and submit to the planning commission a completed conditional use permit request form.
2. The appropriate fee shall be paid in order for the application to receive consideration by the planning commission.
3. The appointed town designee shall make a written recommendation to the planning commission.
4. The planning commission will forward its recommendation to the town council for consideration at its next scheduled meeting.
If it recommends approval of the conditional use permit, the commission may recommend conditions it considers necessary to protect the public health, safety and welfare.
5. Public Hearings:
In the event that a public hearing is called, the applicant shall pay publishing fees and the town shall publish notice of said hearing at least twice in the town's official newspaper.
The notice shall contain the location of the proposed development a description of it.
6. If the council grants the conditional use permit, the town council may impose reasonable stipulations it considers necessary to protect the public health, safety and welfare.
7. Any change involving structural alterations, enlargement, intensification of use, or similar change not specifically allowed by the original conditional use permit issued shall require an amended conditional use permit and all procedures shall apply as if a new permit were being issued.
(Ord.
685, 11-12-2020)"
6,Chapter 11-6 PERMITS AND FEES,§ 11-6-4 FEES.,sub-sec-6.4,https://ecode360.com/43736371,https://zoneomics.com/code/25822/chapter_6#6.4,False,0,"In order to defray administrative costs, the applicant will pay all costs associated with the processing of applications for zoning compliance, conditional use permits, interim use permits, variance requests, and zone change or amendments, a schedule of fees shall be as follows:
Zoning Compliance/Land Use Permit:
|  |  |
| --- | --- |
| Manufactured/Modular Home | Included in building permit fee |
| Residence/Principal Structure | Included in building permit fee |
| Accessory Structure/Addition to Existing Structure | Included in Building permit fee | Other Fees:
|  |  |
| --- | --- |
| Zone Change/Amendment | $300.00 |
| Interim Use Permit | $25.00 |
| Conditional | $100.00 |
| Variance | $300.00 |
| Notice Fee (Applies to All Permits Requiring a Public Hearing) | $100.00 or proof of proper notice |
| Engineering/Other Professional Reviews \*Required from Owner | Hourly rate billed to town plus 2% |
| Late Fee | $100.00 for construction or new land use prior to permit approval | (Ord.
685, 11-12-2020)"
